Id,ActivityMinute,value,logId,Date
1927972279,2016-03-11 23:24:00,2,11105099810,2016-03-11
1927972279,2016-03-11 23:25:00,3,11105099810,2016-03-11
1927972279,2016-03-11 23:26:00,2,11105099810,2016-03-11
1927972279,2016-03-11 23:27:00,2,11105099810,2016-03-11
1927972279,2016-03-11 23:28:00,1,11105099810,2016-03-11
1927972279,2016-03-11 23:29:00,2,11105099810,2016-03-11
1927972279,2016-03-11 23:30:00,2,11105099810,2016-03-11
1927972279,2016-03-11 23:31:00,2,11105099810,2016-03-11
1927972279,2016-03-11 23:32:00,1,11105099810,2016-03-11
1927972279,2016-03-11 23:33:00,1,11105099810,2016-03-11
1927972279,2016-03-11 23:34:00,1,11105099810,2016-03-11
1927972279,2016-03-11 23:35:00,1,11105099810,2016-03-11
1927972279,2016-03-11 23:36:00,1,11105099810,2016-03-11
1927972279,2016-03-11 23:37:00,1,11105099810,2016-03-11
1927972279,2016-03-11 23:38:00,1,11105099810,2016-03-11
1927972279,2016-03-11 23:39:00,1,11105099810,2016-03-11
1927972279,2016-03-11 23:40:00,1,11105099810,2016-03-11
1927972279,2016-03-11 23:41:00,1,11105099810,2016-03-11
1927972279,2016-03-11 23:42:00,1,11105099810,2016-03-11
1927972279,2016-03-11 23:43:00,1,11105099810,2016-03-11
1927972279,2016-03-11 23:44:00,1,11105099810,2016-03-11
1927972279,2016-03-11 23:45:00,1,11105099810,2016-03-11
1927972279,2016-03-11 23:46:00,1,11105099810,2016-03-11
1927972279,2016-03-11 23:47:00,1,11105099810,2016-03-11
1927972279,2016-03-11 23:48:00,1,11105099810,2016-03-11
1927972279,2016-03-11 23:49:00,1,11105099810,2016-03-11
1927972279,2016-03-11 23:50:00,1,11105099810,2016-03-11
1927972279,2016-03-11 23:51:00,1,11105099810,2016-03-11
1927972279,2016-03-11 23:52:00,1,11105099810,2016-03-11
1927972279,2016-03-11 23:53:00,1,11105099810,2016-03-11
1927972279,2016-03-11 23:54:00,1,11105099810,2016-03-11
1927972279,2016-03-11 23:55:00,1,11105099810,2016-03-11
1927972279,2016-03-11 23:56:00,1,11105099810,2016-03-11
1927972279,2016-03-11 23:57:00,1,11105099810,2016-03-11
1927972279,2016-03-11 23:58:00,1,11105099810,2016-03-11
1927972279,2016-03-11 23:59:00,1,11105099810,2016-03-11
2026352035,2016-03-11 21:31:30,1,11103729104,2016-03-11
2026352035,2016-03-11 21:32:30,1,11103729104,2016-03-11
2026352035,2016-03-11 21:33:30,1,11103729104,2016-03-11
2026352035,2016-03-11 21:34:30,1,11103729104,2016-03-11
2026352035,2016-03-11 21:35:30,1,11103729104,2016-03-11
2026352035,2016-03-11 21:36:30,2,11103729104,2016-03-11
2026352035,2016-03-11 21:37:30,2,11103729104,2016-03-11
2026352035,2016-03-11 21:38:30,2,11103729104,2016-03-11
2026352035,2016-03-11 21:39:30,2,11103729104,2016-03-11
2026352035,2016-03-11 21:40:30,3,11103729104,2016-03-11
2026352035,2016-03-11 21:41:30,2,11103729104,2016-03-11
2026352035,2016-03-11 21:42:30,2,11103729104,2016-03-11
2026352035,2016-03-11 21:43:30,1,11103729104,2016-03-11
2026352035,2016-03-11 21:44:30,1,11103729104,2016-03-11
2026352035,2016-03-11 21:45:30,1,11103729104,2016-03-11
2026352035,2016-03-11 21:46:30,1,11103729104,2016-03-11
2026352035,2016-03-11 21:47:30,1,11103729104,2016-03-11
2026352035,2016-03-11 21:48:30,1,11103729104,2016-03-11
2026352035,2016-03-11 21:49:30,1,11103729104,2016-03-11
2026352035,2016-03-11 21:50:30,1,11103729104,2016-03-11
2026352035,2016-03-11 21:51:30,1,11103729104,2016-03-11
2026352035,2016-03-11 21:52:30,1,11103729104,2016-03-11
2026352035,2016-03-11 21:53:30,1,11103729104,2016-03-11
2026352035,2016-03-11 21:54:30,1,11103729104,2016-03-11
2026352035,2016-03-11 21:55:30,1,11103729104,2016-03-11
2026352035,2016-03-11 21:56:30,1,11103729104,2016-03-11
2026352035,2016-03-11 21:57:30,1,11103729104,2016-03-11
2026352035,2016-03-11 21:58:30,1,11103729104,2016-03-11
2026352035,2016-03-11 21:59:30,1,11103729104,2016-03-11
2026352035,2016-03-11 22:00:30,1,11103729104,2016-03-11
2026352035,2016-03-11 22:01:30,1,11103729104,2016-03-11
2026352035,2016-03-11 22:02:30,1,11103729104,2016-03-11
2026352035,2016-03-11 22:03:30,1,11103729104,2016-03-11
2026352035,2016-03-11 22:04:30,1,11103729104,2016-03-11
2026352035,2016-03-11 22:05:30,2,11103729104,2016-03-11
2026352035,2016-03-11 22:06:30,2,11103729104,2016-03-11
2026352035,2016-03-11 22:07:30,2,11103729104,2016-03-11
2026352035,2016-03-11 22:08:30,2,11103729104,2016-03-11
2026352035,2016-03-11 22:09:30,1,11103729104,2016-03-11
2026352035,2016-03-11 22:10:30,1,11103729104,2016-03-11
2026352035,2016-03-11 22:11:30,1,11103729104,2016-03-11
2026352035,2016-03-11 22:12:30,1,11103729104,2016-03-11
2026352035,2016-03-11 22:13:30,1,11103729104,2016-03-11
2026352035,2016-03-11 22:14:30,1,11103729104,2016-03-11
2026352035,2016-03-11 22:15:30,1,11103729104,2016-03-11
2026352035,2016-03-11 22:16:30,1,11103729104,2016-03-11
2026352035,2016-03-11 22:17:30,1,11103729104,2016-03-11
2026352035,2016-03-11 22:18:30,1,11103729104,2016-03-11
2026352035,2016-03-11 22:19:30,1,11103729104,2016-03-11
2026352035,2016-03-11 22:20:30,1,11103729104,2016-03-11
2026352035,2016-03-11 22:21:30,1,11103729104,2016-03-11
2026352035,2016-03-11 22:22:30,1,11103729104,2016-03-11
2026352035,2016-03-11 22:23:30,1,11103729104,2016-03-11
2026352035,2016-03-11 22:24:30,1,11103729104,2016-03-11
2026352035,2016-03-11 22:25:30,1,11103729104,2016-03-11
2026352035,2016-03-11 22:26:30,1,11103729104,2016-03-11
2026352035,2016-03-11 22:27:30,1,11103729104,2016-03-11
2026352035,2016-03-11 22:28:30,2,11103729104,2016-03-11
2026352035,2016-03-11 22:29:30,1,11103729104,2016-03-11
2026352035,2016-03-11 22:30:30,2,11103729104,2016-03-11
2026352035,2016-03-11 22:31:30,2,11103729104,2016-03-11
2026352035,2016-03-11 22:32:30,3,11103729104,2016-03-11
2026352035,2016-03-11 22:33:30,1,11103729104,2016-03-11
2026352035,2016-03-11 22:34:30,1,11103729104,2016-03-11
2026352035,2016-03-11 22:35:30,1,11103729104,2016-03-11
2026352035,2016-03-11 22:36:30,1,11103729104,2016-03-11
2026352035,2016-03-11 22:37:30,1,11103729104,2016-03-11
2026352035,2016-03-11 22:38:30,1,11103729104,2016-03-11
2026352035,2016-03-11 22:39:30,1,11103729104,2016-03-11
2026352035,2016-03-11 22:40:30,1,11103729104,2016-03-11
2026352035,2016-03-11 22:41:30,1,11103729104,2016-03-11
2026352035,2016-03-11 22:42:30,1,11103729104,2016-03-11
2026352035,2016-03-11 22:43:30,1,11103729104,2016-03-11
2026352035,2016-03-11 22:44:30,1,11103729104,2016-03-11
2026352035,2016-03-11 22:45:30,1,11103729104,2016-03-11
2026352035,2016-03-11 22:46:30,1,11103729104,2016-03-11
2026352035,2016-03-11 22:47:30,1,11103729104,2016-03-11
2026352035,2016-03-11 22:48:30,1,11103729104,2016-03-11
2026352035,2016-03-11 22:49:30,1,11103729104,2016-03-11
2026352035,2016-03-11 22:50:30,1,11103729104,2016-03-11
2026352035,2016-03-11 22:51:30,1,11103729104,2016-03-11
2026352035,2016-03-11 22:52:30,1,11103729104,2016-03-11
2026352035,2016-03-11 22:53:30,1,11103729104,2016-03-11
2026352035,2016-03-11 22:54:30,1,11103729104,2016-03-11
2026352035,2016-03-11 22:55:30,1,11103729104,2016-03-11
2026352035,2016-03-11 22:56:30,1,11103729104,2016-03-11
2026352035,2016-03-11 22:57:30,1,11103729104,2016-03-11
2026352035,2016-03-11 22:58:30,1,11103729104,2016-03-11
2026352035,2016-03-11 22:59:30,1,11103729104,2016-03-11
2026352035,2016-03-11 23:00:30,1,11103729104,2016-03-11
2026352035,2016-03-11 23:01:30,1,11103729104,2016-03-11
2026352035,2016-03-11 23:02:30,1,11103729104,2016-03-11
2026352035,2016-03-11 23:03:30,1,11103729104,2016-03-11
2026352035,2016-03-11 23:04:30,1,11103729104,2016-03-11
2026352035,2016-03-11 23:05:30,1,11103729104,2016-03-11
2026352035,2016-03-11 23:06:30,1,11103729104,2016-03-11
2026352035,2016-03-11 23:07:30,1,11103729104,2016-03-11
2026352035,2016-03-11 23:08:30,1,11103729104,2016-03-11
2026352035,2016-03-11 23:09:30,1,11103729104,2016-03-11
2026352035,2016-03-11 23:10:30,1,11103729104,2016-03-11
2026352035,2016-03-11 23:11:30,1,11103729104,2016-03-11
2026352035,2016-03-11 23:12:30,1,11103729104,2016-03-11
2026352035,2016-03-11 23:13:30,1,11103729104,2016-03-11
2026352035,2016-03-11 23:14:30,2,11103729104,2016-03-11
2026352035,2016-03-11 23:15:30,1,11103729104,2016-03-11
2026352035,2016-03-11 23:16:30,1,11103729104,2016-03-11
2026352035,2016-03-11 23:17:30,1,11103729104,2016-03-11
2026352035,2016-03-11 23:18:30,2,11103729104,2016-03-11
2026352035,2016-03-11 23:19:30,2,11103729104,2016-03-11
2026352035,2016-03-11 23:20:30,1,11103729104,2016-03-11
2026352035,2016-03-11 23:21:30,1,11103729104,2016-03-11
2026352035,2016-03-11 23:22:30,1,11103729104,2016-03-11
2026352035,2016-03-11 23:23:30,1,11103729104,2016-03-11
2026352035,2016-03-11 23:24:30,1,11103729104,2016-03-11
2026352035,2016-03-11 23:25:30,1,11103729104,2016-03-11
2026352035,2016-03-11 23:26:30,1,11103729104,2016-03-11
2026352035,2016-03-11 23:27:30,1,11103729104,2016-03-11
2026352035,2016-03-11 23:28:30,1,11103729104,2016-03-11
2026352035,2016-03-11 23:29:30,1,11103729104,2016-03-11
2026352035,2016-03-11 23:30:30,1,11103729104,2016-03-11
2026352035,2016-03-11 23:31:30,2,11103729104,2016-03-11
2026352035,2016-03-11 23:32:30,2,11103729104,2016-03-11
2026352035,2016-03-11 23:33:30,1,11103729104,2016-03-11
2026352035,2016-03-11 23:34:30,1,11103729104,2016-03-11
2026352035,2016-03-11 23:35:30,1,11103729104,2016-03-11
2026352035,2016-03-11 23:36:30,1,11103729104,2016-03-11
2026352035,2016-03-11 23:37:30,1,11103729104,2016-03-11
2026352035,2016-03-11 23:38:30,1,11103729104,2016-03-11
2026352035,2016-03-11 23:39:30,1,11103729104,2016-03-11
2026352035,2016-03-11 23:40:30,1,11103729104,2016-03-11
2026352035,2016-03-11 23:41:30,1,11103729104,2016-03-11
2026352035,2016-03-11 23:42:30,1,11103729104,2016-03-11
2026352035,2016-03-11 23:43:30,1,11103729104,2016-03-11
2026352035,2016-03-11 23:44:30,1,11103729104,2016-03-11
2026352035,2016-03-11 23:45:30,1,11103729104,2016-03-11
2026352035,2016-03-11 23:46:30,2,11103729104,2016-03-11
2026352035,2016-03-11 23:47:30,1,11103729104,2016-03-11
2026352035,2016-03-11 23:48:30,1,11103729104,2016-03-11
2026352035,2016-03-11 23:49:30,2,11103729104,2016-03-11
2026352035,2016-03-11 23:50:30,2,11103729104,2016-03-11
2026352035,2016-03-11 23:51:30,1,11103729104,2016-03-11
2026352035,2016-03-11 23:52:30,1,11103729104,2016-03-11
2026352035,2016-03-11 23:53:30,1,11103729104,2016-03-11
2026352035,2016-03-11 23:54:30,1,11103729104,2016-03-11
2026352035,2016-03-11 23:55:30,1,11103729104,2016-03-11
2026352035,2016-03-11 23:56:30,1,11103729104,2016-03-11
2026352035,2016-03-11 23:57:30,1,11103729104,2016-03-11
2026352035,2016-03-11 23:58:30,1,11103729104,2016-03-11
2026352035,2016-03-11 23:59:30,1,11103729104,2016-03-11
2347167796,2016-03-11 23:43:00,3,11103744323,2016-03-11
2347167796,2016-03-11 23:44:00,3,11103744323,2016-03-11
2347167796,2016-03-11 23:45:00,2,11103744323,2016-03-11
2347167796,2016-03-11 23:46:00,1,11103744323,2016-03-11
2347167796,2016-03-11 23:47:00,1,11103744323,2016-03-11
2347167796,2016-03-11 23:48:00,1,11103744323,2016-03-11
2347167796,2016-03-11 23:49:00,1,11103744323,2016-03-11
2347167796,2016-03-11 23:50:00,1,11103744323,2016-03-11
2347167796,2016-03-11 23:51:00,1,11103744323,2016-03-11
2347167796,2016-03-11 23:52:00,1,11103744323,2016-03-11
2347167796,2016-03-11 23:53:00,1,11103744323,2016-03-11
2347167796,2016-03-11 23:54:00,1,11103744323,2016-03-11
2347167796,2016-03-11 23:55:00,1,11103744323,2016-03-11
2347167796,2016-03-11 23:56:00,1,11103744323,2016-03-11
2347167796,2016-03-11 23:57:00,1,11103744323,2016-03-11
2347167796,2016-03-11 23:58:00,1,11103744323,2016-03-11
2347167796,2016-03-11 23:59:00,1,11103744323,2016-03-11
4319703577,2016-03-11 22:30:30,1,11109532846,2016-03-11
4319703577,2016-03-11 22:31:30,1,11109532846,2016-03-11
4319703577,2016-03-11 22:32:30,1,11109532846,2016-03-11
4319703577,2016-03-11 22:33:30,1,11109532846,2016-03-11
4319703577,2016-03-11 22:34:30,2,11109532846,2016-03-11
4319703577,2016-03-11 22:35:30,2,11109532846,2016-03-11
4319703577,2016-03-11 22:36:30,2,11109532846,2016-03-11
4319703577,2016-03-11 22:37:30,3,11109532846,2016-03-11
4319703577,2016-03-11 22:38:30,3,11109532846,2016-03-11
4319703577,2016-03-11 22:39:30,3,11109532846,2016-03-11
4319703577,2016-03-11 22:40:30,3,11109532846,2016-03-11
4319703577,2016-03-11 22:41:30,3,11109532846,2016-03-11
4319703577,2016-03-11 22:42:30,3,11109532846,2016-03-11
4319703577,2016-03-11 22:43:30,2,11109532846,2016-03-11
4319703577,2016-03-11 22:44:30,3,11109532846,2016-03-11
4319703577,2016-03-11 22:45:30,1,11109532846,2016-03-11
4319703577,2016-03-11 22:46:30,1,11109532846,2016-03-11
4319703577,2016-03-11 22:47:30,1,11109532846,2016-03-11
4319703577,2016-03-11 22:48:30,1,11109532846,2016-03-11
4319703577,2016-03-11 22:49:30,2,11109532846,2016-03-11
4319703577,2016-03-11 22:50:30,1,11109532846,2016-03-11
4319703577,2016-03-11 22:51:30,1,11109532846,2016-03-11
4319703577,2016-03-11 22:52:30,1,11109532846,2016-03-11
4319703577,2016-03-11 22:53:30,1,11109532846,2016-03-11
4319703577,2016-03-11 22:54:30,1,11109532846,2016-03-11
4319703577,2016-03-11 22:55:30,1,11109532846,2016-03-11
4319703577,2016-03-11 22:56:30,1,11109532846,2016-03-11
4319703577,2016-03-11 22:57:30,1,11109532846,2016-03-11
4319703577,2016-03-11 22:58:30,1,11109532846,2016-03-11
4319703577,2016-03-11 22:59:30,1,11109532846,2016-03-11
4319703577,2016-03-11 23:00:30,1,11109532846,2016-03-11
4319703577,2016-03-11 23:01:30,1,11109532846,2016-03-11
4319703577,2016-03-11 23:02:30,1,11109532846,2016-03-11
4319703577,2016-03-11 23:03:30,1,11109532846,2016-03-11
4319703577,2016-03-11 23:04:30,1,11109532846,2016-03-11
4319703577,2016-03-11 23:05:30,1,11109532846,2016-03-11
4319703577,2016-03-11 23:06:30,1,11109532846,2016-03-11
4319703577,2016-03-11 23:07:30,1,11109532846,2016-03-11
4319703577,2016-03-11 23:08:30,1,11109532846,2016-03-11
4319703577,2016-03-11 23:09:30,1,11109532846,2016-03-11
4319703577,2016-03-11 23:10:30,1,11109532846,2016-03-11
4319703577,2016-03-11 23:11:30,1,11109532846,2016-03-11
4319703577,2016-03-11 23:12:30,1,11109532846,2016-03-11
4319703577,2016-03-11 23:13:30,1,11109532846,2016-03-11
4319703577,2016-03-11 23:14:30,1,11109532846,2016-03-11
4319703577,2016-03-11 23:15:30,1,11109532846,2016-03-11
4319703577,2016-03-11 23:16:30,1,11109532846,2016-03-11
4319703577,2016-03-11 23:17:30,1,11109532846,2016-03-11
4319703577,2016-03-11 23:18:30,1,11109532846,2016-03-11
4319703577,2016-03-11 23:19:30,1,11109532846,2016-03-11
4319703577,2016-03-11 23:20:30,1,11109532846,2016-03-11
4319703577,2016-03-11 23:21:30,1,11109532846,2016-03-11
4319703577,2016-03-11 23:22:30,1,11109532846,2016-03-11
4319703577,2016-03-11 23:23:30,1,11109532846,2016-03-11
4319703577,2016-03-11 23:24:30,1,11109532846,2016-03-11
4319703577,2016-03-11 23:25:30,1,11109532846,2016-03-11
4319703577,2016-03-11 23:26:30,1,11109532846,2016-03-11
4319703577,2016-03-11 23:27:30,1,11109532846,2016-03-11
4319703577,2016-03-11 23:28:30,1,11109532846,2016-03-11
4319703577,2016-03-11 23:29:30,1,11109532846,2016-03-11
4319703577,2016-03-11 23:30:30,1,11109532846,2016-03-11
4319703577,2016-03-11 23:31:30,1,11109532846,2016-03-11
4319703577,2016-03-11 23:32:30,1,11109532846,2016-03-11
4319703577,2016-03-11 23:33:30,1,11109532846,2016-03-11
4319703577,2016-03-11 23:34:30,1,11109532846,2016-03-11
4319703577,2016-03-11 23:35:30,1,11109532846,2016-03-11
4319703577,2016-03-11 23:36:30,1,11109532846,2016-03-11
4319703577,2016-03-11 23:37:30,1,11109532846,2016-03-11
4319703577,2016-03-11 23:38:30,1,11109532846,2016-03-11
4319703577,2016-03-11 23:39:30,1,11109532846,2016-03-11
4319703577,2016-03-11 23:40:30,1,11109532846,2016-03-11
4319703577,2016-03-11 23:41:30,1,11109532846,2016-03-11
4319703577,2016-03-11 23:42:30,1,11109532846,2016-03-11
4319703577,2016-03-11 23:43:30,1,11109532846,2016-03-11
4319703577,2016-03-11 23:44:30,1,11109532846,2016-03-11
4319703577,2016-03-11 23:45:30,1,11109532846,2016-03-11
4319703577,2016-03-11 23:46:30,1,11109532846,2016-03-11
4319703577,2016-03-11 23:47:30,1,11109532846,2016-03-11
4319703577,2016-03-11 23:48:30,1,11109532846,2016-03-11
4319703577,2016-03-11 23:49:30,1,11109532846,2016-03-11
4319703577,2016-03-11 23:50:30,1,11109532846,2016-03-11
4319703577,2016-03-11 23:51:30,1,11109532846,2016-03-11
4319703577,2016-03-11 23:52:30,1,11109532846,2016-03-11
4319703577,2016-03-11 23:53:30,1,11109532846,2016-03-11
4319703577,2016-03-11 23:54:30,1,11109532846,2016-03-11
4319703577,2016-03-11 23:55:30,1,11109532846,2016-03-11
4319703577,2016-03-11 23:56:30,1,11109532846,2016-03-11
4319703577,2016-03-11 23:57:30,1,11109532846,2016-03-11
4319703577,2016-03-11 23:58:30,1,11109532846,2016-03-11
4319703577,2016-03-11 23:59:30,1,11109532846,2016-03-11
4702921684,2016-03-11 21:56:30,3,11106298235,2016-03-11
4702921684,2016-03-11 21:57:30,3,11106298235,2016-03-11
4702921684,2016-03-11 21:58:30,2,11106298235,2016-03-11
4702921684,2016-03-11 21:59:30,2,11106298235,2016-03-11
4702921684,2016-03-11 22:00:30,2,11106298235,2016-03-11
4702921684,2016-03-11 22:01:30,1,11106298235,2016-03-11
4702921684,2016-03-11 22:02:30,1,11106298235,2016-03-11
4702921684,2016-03-11 22:03:30,1,11106298235,2016-03-11
4702921684,2016-03-11 22:04:30,1,11106298235,2016-03-11
4702921684,2016-03-11 22:05:30,1,11106298235,2016-03-11
4702921684,2016-03-11 22:06:30,1,11106298235,2016-03-11
4702921684,2016-03-11 22:07:30,1,11106298235,2016-03-11
4702921684,2016-03-11 22:08:30,1,11106298235,2016-03-11
4702921684,2016-03-11 22:09:30,1,11106298235,2016-03-11
4702921684,2016-03-11 22:10:30,1,11106298235,2016-03-11
4702921684,2016-03-11 22:11:30,1,11106298235,2016-03-11
4702921684,2016-03-11 22:12:30,1,11106298235,2016-03-11
4702921684,2016-03-11 22:13:30,1,11106298235,2016-03-11
4702921684,2016-03-11 22:14:30,1,11106298235,2016-03-11
4702921684,2016-03-11 22:15:30,1,11106298235,2016-03-11
4702921684,2016-03-11 22:16:30,1,11106298235,2016-03-11
4702921684,2016-03-11 22:17:30,1,11106298235,2016-03-11
4702921684,2016-03-11 22:18:30,1,11106298235,2016-03-11
4702921684,2016-03-11 22:19:30,1,11106298235,2016-03-11
4702921684,2016-03-11 22:20:30,1,11106298235,2016-03-11
4702921684,2016-03-11 22:21:30,1,11106298235,2016-03-11
4702921684,2016-03-11 22:22:30,1,11106298235,2016-03-11
4702921684,2016-03-11 22:23:30,1,11106298235,2016-03-11
4702921684,2016-03-11 22:24:30,1,11106298235,2016-03-11
4702921684,2016-03-11 22:25:30,1,11106298235,2016-03-11
4702921684,2016-03-11 22:26:30,1,11106298235,2016-03-11
4702921684,2016-03-11 22:27:30,1,11106298235,2016-03-11
4702921684,2016-03-11 22:28:30,1,11106298235,2016-03-11
4702921684,2016-03-11 22:29:30,1,11106298235,2016-03-11
4702921684,2016-03-11 22:30:30,1,11106298235,2016-03-11
4702921684,2016-03-11 22:31:30,1,11106298235,2016-03-11
4702921684,2016-03-11 22:32:30,1,11106298235,2016-03-11
4702921684,2016-03-11 22:33:30,1,11106298235,2016-03-11
4702921684,2016-03-11 22:34:30,1,11106298235,2016-03-11
4702921684,2016-03-11 22:35:30,1,11106298235,2016-03-11
4702921684,2016-03-11 22:36:30,1,11106298235,2016-03-11
4702921684,2016-03-11 22:37:30,1,11106298235,2016-03-11
4702921684,2016-03-11 22:38:30,1,11106298235,2016-03-11
4702921684,2016-03-11 22:39:30,1,11106298235,2016-03-11
4702921684,2016-03-11 22:40:30,1,11106298235,2016-03-11
4702921684,2016-03-11 22:41:30,1,11106298235,2016-03-11
4702921684,2016-03-11 22:42:30,1,11106298235,2016-03-11
4702921684,2016-03-11 22:43:30,1,11106298235,2016-03-11
4702921684,2016-03-11 22:44:30,1,11106298235,2016-03-11
4702921684,2016-03-11 22:45:30,1,11106298235,2016-03-11
4702921684,2016-03-11 22:46:30,1,11106298235,2016-03-11
4702921684,2016-03-11 22:47:30,1,11106298235,2016-03-11
4702921684,2016-03-11 22:48:30,1,11106298235,2016-03-11
4702921684,2016-03-11 22:49:30,1,11106298235,2016-03-11
4702921684,2016-03-11 22:50:30,1,11106298235,2016-03-11
4702921684,2016-03-11 22:51:30,1,11106298235,2016-03-11
4702921684,2016-03-11 22:52:30,1,11106298235,2016-03-11
4702921684,2016-03-11 22:53:30,1,11106298235,2016-03-11
4702921684,2016-03-11 22:54:30,1,11106298235,2016-03-11
4702921684,2016-03-11 22:55:30,1,11106298235,2016-03-11
4702921684,2016-03-11 22:56:30,1,11106298235,2016-03-11
4702921684,2016-03-11 22:57:30,1,11106298235,2016-03-11
4702921684,2016-03-11 22:58:30,1,11106298235,2016-03-11
4702921684,2016-03-11 22:59:30,1,11106298235,2016-03-11
4702921684,2016-03-11 23:00:30,1,11106298235,2016-03-11
4702921684,2016-03-11 23:01:30,1,11106298235,2016-03-11
4702921684,2016-03-11 23:02:30,1,11106298235,2016-03-11
4702921684,2016-03-11 23:03:30,1,11106298235,2016-03-11
4702921684,2016-03-11 23:04:30,1,11106298235,2016-03-11
4702921684,2016-03-11 23:05:30,1,11106298235,2016-03-11
4702921684,2016-03-11 23:06:30,1,11106298235,2016-03-11
4702921684,2016-03-11 23:07:30,1,11106298235,2016-03-11
4702921684,2016-03-11 23:08:30,1,11106298235,2016-03-11
4702921684,2016-03-11 23:09:30,1,11106298235,2016-03-11
4702921684,2016-03-11 23:10:30,1,11106298235,2016-03-11
4702921684,2016-03-11 23:11:30,1,11106298235,2016-03-11
4702921684,2016-03-11 23:12:30,1,11106298235,2016-03-11
4702921684,2016-03-11 23:13:30,1,11106298235,2016-03-11
4702921684,2016-03-11 23:14:30,1,11106298235,2016-03-11
4702921684,2016-03-11 23:15:30,1,11106298235,2016-03-11
4702921684,2016-03-11 23:16:30,1,11106298235,2016-03-11
4702921684,2016-03-11 23:17:30,1,11106298235,2016-03-11
4702921684,2016-03-11 23:18:30,1,11106298235,2016-03-11
4702921684,2016-03-11 23:19:30,1,11106298235,2016-03-11
4702921684,2016-03-11 23:20:30,1,11106298235,2016-03-11
4702921684,2016-03-11 23:21:30,1,11106298235,2016-03-11
4702921684,2016-03-11 23:22:30,1,11106298235,2016-03-11
4702921684,2016-03-11 23:23:30,1,11106298235,2016-03-11
4702921684,2016-03-11 23:24:30,1,11106298235,2016-03-11
4702921684,2016-03-11 23:25:30,1,11106298235,2016-03-11
4702921684,2016-03-11 23:26:30,1,11106298235,2016-03-11
4702921684,2016-03-11 23:27:30,1,11106298235,2016-03-11
4702921684,2016-03-11 23:28:30,1,11106298235,2016-03-11
4702921684,2016-03-11 23:29:30,1,11106298235,2016-03-11
4702921684,2016-03-11 23:30:30,1,11106298235,2016-03-11
4702921684,2016-03-11 23:31:30,1,11106298235,2016-03-11
4702921684,2016-03-11 23:32:30,1,11106298235,2016-03-11
4702921684,2016-03-11 23:33:30,1,11106298235,2016-03-11
4702921684,2016-03-11 23:34:30,1,11106298235,2016-03-11
4702921684,2016-03-11 23:35:30,1,11106298235,2016-03-11
4702921684,2016-03-11 23:36:30,1,11106298235,2016-03-11
4702921684,2016-03-11 23:37:30,1,11106298235,2016-03-11
4702921684,2016-03-11 23:38:30,1,11106298235,2016-03-11
4702921684,2016-03-11 23:39:30,1,11106298235,2016-03-11
4702921684,2016-03-11 23:40:30,1,11106298235,2016-03-11
4702921684,2016-03-11 23:41:30,1,11106298235,2016-03-11
4702921684,2016-03-11 23:42:30,1,11106298235,2016-03-11
4702921684,2016-03-11 23:43:30,1,11106298235,2016-03-11
4702921684,2016-03-11 23:44:30,1,11106298235,2016-03-11
4702921684,2016-03-11 23:45:30,1,11106298235,2016-03-11
4702921684,2016-03-11 23:46:30,1,11106298235,2016-03-11
4702921684,2016-03-11 23:47:30,1,11106298235,2016-03-11
4702921684,2016-03-11 23:48:30,1,11106298235,2016-03-11
4702921684,2016-03-11 23:49:30,1,11106298235,2016-03-11
4702921684,2016-03-11 23:50:30,1,11106298235,2016-03-11
4702921684,2016-03-11 23:51:30,1,11106298235,2016-03-11
4702921684,2016-03-11 23:52:30,1,11106298235,2016-03-11
4702921684,2016-03-11 23:53:30,1,11106298235,2016-03-11
4702921684,2016-03-11 23:54:30,1,11106298235,2016-03-11
4702921684,2016-03-11 23:55:30,1,11106298235,2016-03-11
4702921684,2016-03-11 23:56:30,1,11106298235,2016-03-11
4702921684,2016-03-11 23:57:30,1,11106298235,2016-03-11
4702921684,2016-03-11 23:58:30,1,11106298235,2016-03-11
4702921684,2016-03-11 23:59:30,1,11106298235,2016-03-11
5577150313,2016-03-11 21:19:30,1,11109426118,2016-03-11
5577150313,2016-03-11 21:20:30,1,11109426118,2016-03-11
5577150313,2016-03-11 21:21:30,1,11109426118,2016-03-11
5577150313,2016-03-11 21:22:30,1,11109426118,2016-03-11
5577150313,2016-03-11 21:23:30,1,11109426118,2016-03-11
5577150313,2016-03-11 21:24:30,1,11109426118,2016-03-11
5577150313,2016-03-11 21:25:30,1,11109426118,2016-03-11
5577150313,2016-03-11 21:26:30,1,11109426118,2016-03-11
5577150313,2016-03-11 21:27:30,1,11109426118,2016-03-11
5577150313,2016-03-11 21:28:30,1,11109426118,2016-03-11
5577150313,2016-03-11 21:29:30,1,11109426118,2016-03-11
5577150313,2016-03-11 21:30:30,1,11109426118,2016-03-11
5577150313,2016-03-11 21:31:30,1,11109426118,2016-03-11
5577150313,2016-03-11 21:32:30,1,11109426118,2016-03-11
5577150313,2016-03-11 21:33:30,1,11109426118,2016-03-11
5577150313,2016-03-11 21:34:30,1,11109426118,2016-03-11
5577150313,2016-03-11 21:35:30,1,11109426118,2016-03-11
5577150313,2016-03-11 21:36:30,1,11109426118,2016-03-11
5577150313,2016-03-11 21:37:30,1,11109426118,2016-03-11
5577150313,2016-03-11 21:38:30,1,11109426118,2016-03-11
5577150313,2016-03-11 21:39:30,1,11109426118,2016-03-11
5577150313,2016-03-11 21:40:30,1,11109426118,2016-03-11
5577150313,2016-03-11 21:41:30,1,11109426118,2016-03-11
5577150313,2016-03-11 21:42:30,1,11109426118,2016-03-11
5577150313,2016-03-11 21:43:30,1,11109426118,2016-03-11
5577150313,2016-03-11 21:44:30,1,11109426118,2016-03-11
5577150313,2016-03-11 21:45:30,2,11109426118,2016-03-11
5577150313,2016-03-11 21:46:30,2,11109426118,2016-03-11
5577150313,2016-03-11 21:47:30,1,11109426118,2016-03-11
5577150313,2016-03-11 21:48:30,1,11109426118,2016-03-11
5577150313,2016-03-11 21:49:30,1,11109426118,2016-03-11
5577150313,2016-03-11 21:50:30,1,11109426118,2016-03-11
5577150313,2016-03-11 21:51:30,1,11109426118,2016-03-11
5577150313,2016-03-11 21:52:30,1,11109426118,2016-03-11
5577150313,2016-03-11 21:53:30,1,11109426118,2016-03-11
5577150313,2016-03-11 21:54:30,1,11109426118,2016-03-11
5577150313,2016-03-11 21:55:30,1,11109426118,2016-03-11
5577150313,2016-03-11 21:56:30,1,11109426118,2016-03-11
5577150313,2016-03-11 21:57:30,1,11109426118,2016-03-11
5577150313,2016-03-11 21:58:30,1,11109426118,2016-03-11
5577150313,2016-03-11 21:59:30,1,11109426118,2016-03-11
5577150313,2016-03-11 22:00:30,1,11109426118,2016-03-11
5577150313,2016-03-11 22:01:30,1,11109426118,2016-03-11
5577150313,2016-03-11 22:02:30,1,11109426118,2016-03-11
5577150313,2016-03-11 22:03:30,1,11109426118,2016-03-11
5577150313,2016-03-11 22:04:30,1,11109426118,2016-03-11
5577150313,2016-03-11 22:05:30,1,11109426118,2016-03-11
5577150313,2016-03-11 22:06:30,1,11109426118,2016-03-11
5577150313,2016-03-11 22:07:30,1,11109426118,2016-03-11
5577150313,2016-03-11 22:08:30,1,11109426118,2016-03-11
5577150313,2016-03-11 22:09:30,1,11109426118,2016-03-11
5577150313,2016-03-11 22:10:30,1,11109426118,2016-03-11
5577150313,2016-03-11 22:11:30,1,11109426118,2016-03-11
5577150313,2016-03-11 22:12:30,1,11109426118,2016-03-11
5577150313,2016-03-11 22:13:30,1,11109426118,2016-03-11
5577150313,2016-03-11 22:14:30,1,11109426118,2016-03-11
5577150313,2016-03-11 22:15:30,1,11109426118,2016-03-11
5577150313,2016-03-11 22:16:30,1,11109426118,2016-03-11
5577150313,2016-03-11 22:17:30,1,11109426118,2016-03-11
5577150313,2016-03-11 22:18:30,1,11109426118,2016-03-11
5577150313,2016-03-11 22:19:30,1,11109426118,2016-03-11
5577150313,2016-03-11 22:20:30,1,11109426118,2016-03-11
5577150313,2016-03-11 22:21:30,1,11109426118,2016-03-11
5577150313,2016-03-11 22:22:30,1,11109426118,2016-03-11
5577150313,2016-03-11 22:23:30,1,11109426118,2016-03-11
5577150313,2016-03-11 22:24:30,1,11109426118,2016-03-11
5577150313,2016-03-11 22:25:30,1,11109426118,2016-03-11
5577150313,2016-03-11 22:26:30,1,11109426118,2016-03-11
5577150313,2016-03-11 22:27:30,1,11109426118,2016-03-11
5577150313,2016-03-11 22:28:30,1,11109426118,2016-03-11
5577150313,2016-03-11 22:29:30,1,11109426118,2016-03-11
5577150313,2016-03-11 22:30:30,1,11109426118,2016-03-11
5577150313,2016-03-11 22:31:30,1,11109426118,2016-03-11
5577150313,2016-03-11 22:32:30,1,11109426118,2016-03-11
5577150313,2016-03-11 22:33:30,1,11109426118,2016-03-11
5577150313,2016-03-11 22:34:30,1,11109426118,2016-03-11
5577150313,2016-03-11 22:35:30,1,11109426118,2016-03-11
5577150313,2016-03-11 22:36:30,1,11109426118,2016-03-11
5577150313,2016-03-11 22:37:30,1,11109426118,2016-03-11
5577150313,2016-03-11 22:38:30,1,11109426118,2016-03-11
5577150313,2016-03-11 22:39:30,1,11109426118,2016-03-11
5577150313,2016-03-11 22:40:30,1,11109426118,2016-03-11
5577150313,2016-03-11 22:41:30,1,11109426118,2016-03-11
5577150313,2016-03-11 22:42:30,1,11109426118,2016-03-11
5577150313,2016-03-11 22:43:30,1,11109426118,2016-03-11
5577150313,2016-03-11 22:44:30,1,11109426118,2016-03-11
5577150313,2016-03-11 22:45:30,1,11109426118,2016-03-11
5577150313,2016-03-11 22:46:30,1,11109426118,2016-03-11
5577150313,2016-03-11 22:47:30,1,11109426118,2016-03-11
5577150313,2016-03-11 22:48:30,1,11109426118,2016-03-11
5577150313,2016-03-11 22:49:30,1,11109426118,2016-03-11
5577150313,2016-03-11 22:50:30,1,11109426118,2016-03-11
5577150313,2016-03-11 22:51:30,1,11109426118,2016-03-11
5577150313,2016-03-11 22:52:30,1,11109426118,2016-03-11
5577150313,2016-03-11 22:53:30,1,11109426118,2016-03-11
5577150313,2016-03-11 22:54:30,1,11109426118,2016-03-11
5577150313,2016-03-11 22:55:30,1,11109426118,2016-03-11
5577150313,2016-03-11 22:56:30,1,11109426118,2016-03-11
5577150313,2016-03-11 22:57:30,1,11109426118,2016-03-11
5577150313,2016-03-11 22:58:30,1,11109426118,2016-03-11
5577150313,2016-03-11 22:59:30,1,11109426118,2016-03-11
5577150313,2016-03-11 23:00:30,1,11109426118,2016-03-11
5577150313,2016-03-11 23:01:30,1,11109426118,2016-03-11
5577150313,2016-03-11 23:02:30,1,11109426118,2016-03-11
5577150313,2016-03-11 23:03:30,1,11109426118,2016-03-11
5577150313,2016-03-11 23:04:30,1,11109426118,2016-03-11
5577150313,2016-03-11 23:05:30,1,11109426118,2016-03-11
5577150313,2016-03-11 23:06:30,1,11109426118,2016-03-11
5577150313,2016-03-11 23:07:30,1,11109426118,2016-03-11
5577150313,2016-03-11 23:08:30,1,11109426118,2016-03-11
5577150313,2016-03-11 23:09:30,1,11109426118,2016-03-11
5577150313,2016-03-11 23:10:30,1,11109426118,2016-03-11
5577150313,2016-03-11 23:11:30,1,11109426118,2016-03-11
5577150313,2016-03-11 23:12:30,1,11109426118,2016-03-11
5577150313,2016-03-11 23:13:30,1,11109426118,2016-03-11
5577150313,2016-03-11 23:14:30,1,11109426118,2016-03-11
5577150313,2016-03-11 23:15:30,1,11109426118,2016-03-11
5577150313,2016-03-11 23:16:30,1,11109426118,2016-03-11
5577150313,2016-03-11 23:17:30,1,11109426118,2016-03-11
5577150313,2016-03-11 23:18:30,1,11109426118,2016-03-11
5577150313,2016-03-11 23:19:30,1,11109426118,2016-03-11
5577150313,2016-03-11 23:20:30,2,11109426118,2016-03-11
5577150313,2016-03-11 23:21:30,2,11109426118,2016-03-11
5577150313,2016-03-11 23:22:30,1,11109426118,2016-03-11
5577150313,2016-03-11 23:23:30,1,11109426118,2016-03-11
5577150313,2016-03-11 23:24:30,1,11109426118,2016-03-11
5577150313,2016-03-11 23:25:30,2,11109426118,2016-03-11
5577150313,2016-03-11 23:26:30,1,11109426118,2016-03-11
5577150313,2016-03-11 23:27:30,1,11109426118,2016-03-11
5577150313,2016-03-11 23:28:30,1,11109426118,2016-03-11
5577150313,2016-03-11 23:29:30,1,11109426118,2016-03-11
5577150313,2016-03-11 23:30:30,1,11109426118,2016-03-11
5577150313,2016-03-11 23:31:30,1,11109426118,2016-03-11
5577150313,2016-03-11 23:32:30,1,11109426118,2016-03-11
5577150313,2016-03-11 23:33:30,1,11109426118,2016-03-11
5577150313,2016-03-11 23:34:30,1,11109426118,2016-03-11
5577150313,2016-03-11 23:35:30,1,11109426118,2016-03-11
5577150313,2016-03-11 23:36:30,1,11109426118,2016-03-11
5577150313,2016-03-11 23:37:30,1,11109426118,2016-03-11
5577150313,2016-03-11 23:38:30,1,11109426118,2016-03-11
5577150313,2016-03-11 23:39:30,1,11109426118,2016-03-11
5577150313,2016-03-11 23:40:30,1,11109426118,2016-03-11
5577150313,2016-03-11 23:41:30,1,11109426118,2016-03-11
5577150313,2016-03-11 23:42:30,1,11109426118,2016-03-11
5577150313,2016-03-11 23:43:30,1,11109426118,2016-03-11
5577150313,2016-03-11 23:44:30,1,11109426118,2016-03-11
5577150313,2016-03-11 23:45:30,1,11109426118,2016-03-11
5577150313,2016-03-11 23:46:30,1,11109426118,2016-03-11
5577150313,2016-03-11 23:47:30,1,11109426118,2016-03-11
5577150313,2016-03-11 23:48:30,1,11109426118,2016-03-11
5577150313,2016-03-11 23:49:30,1,11109426118,2016-03-11
5577150313,2016-03-11 23:50:30,1,11109426118,2016-03-11
5577150313,2016-03-11 23:51:30,1,11109426118,2016-03-11
5577150313,2016-03-11 23:52:30,1,11109426118,2016-03-11
5577150313,2016-03-11 23:53:30,1,11109426118,2016-03-11
5577150313,2016-03-11 23:54:30,1,11109426118,2016-03-11
5577150313,2016-03-11 23:55:30,1,11109426118,2016-03-11
5577150313,2016-03-11 23:56:30,1,11109426118,2016-03-11
5577150313,2016-03-11 23:57:30,1,11109426118,2016-03-11
5577150313,2016-03-11 23:58:30,1,11109426118,2016-03-11
5577150313,2016-03-11 23:59:30,1,11109426118,2016-03-11
6117666160,2016-03-11 22:42:30,1,11103710844,2016-03-11
6117666160,2016-03-11 22:43:30,1,11103710844,2016-03-11
6117666160,2016-03-11 22:44:30,1,11103710844,2016-03-11
6117666160,2016-03-11 22:45:30,1,11103710844,2016-03-11
6117666160,2016-03-11 22:46:30,1,11103710844,2016-03-11
6117666160,2016-03-11 22:47:30,1,11103710844,2016-03-11
6117666160,2016-03-11 22:48:30,1,11103710844,2016-03-11
6117666160,2016-03-11 22:49:30,1,11103710844,2016-03-11
6117666160,2016-03-11 22:50:30,1,11103710844,2016-03-11
6117666160,2016-03-11 22:51:30,1,11103710844,2016-03-11
6117666160,2016-03-11 22:52:30,1,11103710844,2016-03-11
6117666160,2016-03-11 22:53:30,1,11103710844,2016-03-11
6117666160,2016-03-11 22:54:30,1,11103710844,2016-03-11
6117666160,2016-03-11 22:55:30,1,11103710844,2016-03-11
6117666160,2016-03-11 22:56:30,1,11103710844,2016-03-11
6117666160,2016-03-11 22:57:30,1,11103710844,2016-03-11
6117666160,2016-03-11 22:58:30,1,11103710844,2016-03-11
6117666160,2016-03-11 22:59:30,1,11103710844,2016-03-11
6117666160,2016-03-11 23:00:30,1,11103710844,2016-03-11
6117666160,2016-03-11 23:01:30,1,11103710844,2016-03-11
6117666160,2016-03-11 23:02:30,1,11103710844,2016-03-11
6117666160,2016-03-11 23:03:30,1,11103710844,2016-03-11
6117666160,2016-03-11 23:04:30,1,11103710844,2016-03-11
6117666160,2016-03-11 23:05:30,1,11103710844,2016-03-11
6117666160,2016-03-11 23:06:30,1,11103710844,2016-03-11
6117666160,2016-03-11 23:07:30,1,11103710844,2016-03-11
6117666160,2016-03-11 23:08:30,1,11103710844,2016-03-11
6117666160,2016-03-11 23:09:30,1,11103710844,2016-03-11
6117666160,2016-03-11 23:10:30,1,11103710844,2016-03-11
6117666160,2016-03-11 23:11:30,1,11103710844,2016-03-11
6117666160,2016-03-11 23:12:30,1,11103710844,2016-03-11
6117666160,2016-03-11 23:13:30,1,11103710844,2016-03-11
6117666160,2016-03-11 23:14:30,1,11103710844,2016-03-11
6117666160,2016-03-11 23:15:30,1,11103710844,2016-03-11
6117666160,2016-03-11 23:16:30,1,11103710844,2016-03-11
6117666160,2016-03-11 23:17:30,1,11103710844,2016-03-11
6117666160,2016-03-11 23:18:30,1,11103710844,2016-03-11
6117666160,2016-03-11 23:19:30,1,11103710844,2016-03-11
6117666160,2016-03-11 23:20:30,1,11103710844,2016-03-11
6117666160,2016-03-11 23:21:30,1,11103710844,2016-03-11
6117666160,2016-03-11 23:22:30,1,11103710844,2016-03-11
6117666160,2016-03-11 23:23:30,1,11103710844,2016-03-11
6117666160,2016-03-11 23:24:30,1,11103710844,2016-03-11
6117666160,2016-03-11 23:25:30,1,11103710844,2016-03-11
6117666160,2016-03-11 23:26:30,1,11103710844,2016-03-11
6117666160,2016-03-11 23:27:30,1,11103710844,2016-03-11
6117666160,2016-03-11 23:28:30,1,11103710844,2016-03-11
6117666160,2016-03-11 23:29:30,1,11103710844,2016-03-11
6117666160,2016-03-11 23:30:30,1,11103710844,2016-03-11
6117666160,2016-03-11 23:31:30,1,11103710844,2016-03-11
6117666160,2016-03-11 23:32:30,1,11103710844,2016-03-11
6117666160,2016-03-11 23:33:30,1,11103710844,2016-03-11
6117666160,2016-03-11 23:34:30,1,11103710844,2016-03-11
6117666160,2016-03-11 23:35:30,1,11103710844,2016-03-11
6117666160,2016-03-11 23:36:30,1,11103710844,2016-03-11
6117666160,2016-03-11 23:37:30,1,11103710844,2016-03-11
6117666160,2016-03-11 23:38:30,1,11103710844,2016-03-11
6117666160,2016-03-11 23:39:30,1,11103710844,2016-03-11
6117666160,2016-03-11 23:40:30,1,11103710844,2016-03-11
6117666160,2016-03-11 23:41:30,1,11103710844,2016-03-11
6117666160,2016-03-11 23:42:30,1,11103710844,2016-03-11
6117666160,2016-03-11 23:43:30,1,11103710844,2016-03-11
6117666160,2016-03-11 23:44:30,1,11103710844,2016-03-11
6117666160,2016-03-11 23:45:30,1,11103710844,2016-03-11
6117666160,2016-03-11 23:46:30,1,11103710844,2016-03-11
6117666160,2016-03-11 23:47:30,1,11103710844,2016-03-11
6117666160,2016-03-11 23:48:30,1,11103710844,2016-03-11
6117666160,2016-03-11 23:49:30,1,11103710844,2016-03-11
6117666160,2016-03-11 23:50:30,1,11103710844,2016-03-11
6117666160,2016-03-11 23:51:30,1,11103710844,2016-03-11
6117666160,2016-03-11 23:52:30,1,11103710844,2016-03-11
6117666160,2016-03-11 23:53:30,1,11103710844,2016-03-11
6117666160,2016-03-11 23:54:30,1,11103710844,2016-03-11
6117666160,2016-03-11 23:55:30,1,11103710844,2016-03-11
6117666160,2016-03-11 23:56:30,1,11103710844,2016-03-11
6117666160,2016-03-11 23:57:30,1,11103710844,2016-03-11
6117666160,2016-03-11 23:58:30,1,11103710844,2016-03-11
6117666160,2016-03-11 23:59:30,1,11103710844,2016-03-11
6775888955,2016-03-11 22:45:00,2,11140793347,2016-03-11
6775888955,2016-03-11 22:46:00,2,11140793347,2016-03-11
6775888955,2016-03-11 22:47:00,2,11140793347,2016-03-11
6775888955,2016-03-11 22:48:00,2,11140793347,2016-03-11
6775888955,2016-03-11 22:49:00,2,11140793347,2016-03-11
6775888955,2016-03-11 22:50:00,1,11140793347,2016-03-11
6775888955,2016-03-11 22:51:00,1,11140793347,2016-03-11
6775888955,2016-03-11 22:52:00,1,11140793347,2016-03-11
6775888955,2016-03-11 22:53:00,1,11140793347,2016-03-11
6775888955,2016-03-11 22:54:00,1,11140793347,2016-03-11
6775888955,2016-03-11 22:55:00,1,11140793347,2016-03-11
6775888955,2016-03-11 22:56:00,1,11140793347,2016-03-11
6775888955,2016-03-11 22:57:00,1,11140793347,2016-03-11
6775888955,2016-03-11 22:58:00,1,11140793347,2016-03-11
6775888955,2016-03-11 22:59:00,1,11140793347,2016-03-11
6775888955,2016-03-11 23:00:00,1,11140793347,2016-03-11
6775888955,2016-03-11 23:01:00,1,11140793347,2016-03-11
6775888955,2016-03-11 23:02:00,1,11140793347,2016-03-11
6775888955,2016-03-11 23:03:00,2,11140793347,2016-03-11
6775888955,2016-03-11 23:04:00,1,11140793347,2016-03-11
6775888955,2016-03-11 23:05:00,1,11140793347,2016-03-11
6775888955,2016-03-11 23:06:00,1,11140793347,2016-03-11
6775888955,2016-03-11 23:07:00,1,11140793347,2016-03-11
6775888955,2016-03-11 23:08:00,1,11140793347,2016-03-11
6775888955,2016-03-11 23:09:00,1,11140793347,2016-03-11
6775888955,2016-03-11 23:10:00,1,11140793347,2016-03-11
6775888955,2016-03-11 23:11:00,1,11140793347,2016-03-11
6775888955,2016-03-11 23:12:00,1,11140793347,2016-03-11
6775888955,2016-03-11 23:13:00,1,11140793347,2016-03-11
6775888955,2016-03-11 23:14:00,1,11140793347,2016-03-11
6775888955,2016-03-11 23:15:00,1,11140793347,2016-03-11
6775888955,2016-03-11 23:16:00,1,11140793347,2016-03-11
6775888955,2016-03-11 23:17:00,1,11140793347,2016-03-11
6775888955,2016-03-11 23:18:00,1,11140793347,2016-03-11
6775888955,2016-03-11 23:19:00,1,11140793347,2016-03-11
6775888955,2016-03-11 23:20:00,1,11140793347,2016-03-11
6775888955,2016-03-11 23:21:00,1,11140793347,2016-03-11
6775888955,2016-03-11 23:22:00,1,11140793347,2016-03-11
6775888955,2016-03-11 23:23:00,1,11140793347,2016-03-11
6775888955,2016-03-11 23:24:00,1,11140793347,2016-03-11
6775888955,2016-03-11 23:25:00,1,11140793347,2016-03-11
6775888955,2016-03-11 23:26:00,1,11140793347,2016-03-11
6775888955,2016-03-11 23:27:00,1,11140793347,2016-03-11
6775888955,2016-03-11 23:28:00,1,11140793347,2016-03-11
6775888955,2016-03-11 23:29:00,1,11140793347,2016-03-11
6775888955,2016-03-11 23:30:00,1,11140793347,2016-03-11
6775888955,2016-03-11 23:31:00,1,11140793347,2016-03-11
6775888955,2016-03-11 23:32:00,1,11140793347,2016-03-11
6775888955,2016-03-11 23:33:00,1,11140793347,2016-03-11
6775888955,2016-03-11 23:34:00,1,11140793347,2016-03-11
6775888955,2016-03-11 23:35:00,1,11140793347,2016-03-11
6775888955,2016-03-11 23:36:00,1,11140793347,2016-03-11
6775888955,2016-03-11 23:37:00,1,11140793347,2016-03-11
6775888955,2016-03-11 23:38:00,1,11140793347,2016-03-11
6775888955,2016-03-11 23:39:00,1,11140793347,2016-03-11
6775888955,2016-03-11 23:40:00,1,11140793347,2016-03-11
6775888955,2016-03-11 23:41:00,1,11140793347,2016-03-11
6775888955,2016-03-11 23:42:00,1,11140793347,2016-03-11
6775888955,2016-03-11 23:43:00,1,11140793347,2016-03-11
6775888955,2016-03-11 23:44:00,1,11140793347,2016-03-11
6775888955,2016-03-11 23:45:00,1,11140793347,2016-03-11
6775888955,2016-03-11 23:46:00,1,11140793347,2016-03-11
6775888955,2016-03-11 23:47:00,1,11140793347,2016-03-11
6775888955,2016-03-11 23:48:00,1,11140793347,2016-03-11
6775888955,2016-03-11 23:49:00,1,11140793347,2016-03-11
6775888955,2016-03-11 23:50:00,1,11140793347,2016-03-11
6775888955,2016-03-11 23:51:00,1,11140793347,2016-03-11
6775888955,2016-03-11 23:52:00,1,11140793347,2016-03-11
6775888955,2016-03-11 23:53:00,1,11140793347,2016-03-11
6775888955,2016-03-11 23:54:00,1,11140793347,2016-03-11
6775888955,2016-03-11 23:55:00,1,11140793347,2016-03-11
6775888955,2016-03-11 23:56:00,1,11140793347,2016-03-11
6775888955,2016-03-11 23:57:00,2,11140793347,2016-03-11
6775888955,2016-03-11 23:58:00,2,11140793347,2016-03-11
6775888955,2016-03-11 23:59:00,2,11140793347,2016-03-11
6962181067,2016-03-11 23:29:00,2,11103653021,2016-03-11
6962181067,2016-03-11 23:30:00,2,11103653021,2016-03-11
6962181067,2016-03-11 23:31:00,1,11103653021,2016-03-11
6962181067,2016-03-11 23:32:00,2,11103653021,2016-03-11
6962181067,2016-03-11 23:33:00,2,11103653021,2016-03-11
6962181067,2016-03-11 23:34:00,2,11103653021,2016-03-11
6962181067,2016-03-11 23:35:00,2,11103653021,2016-03-11
6962181067,2016-03-11 23:36:00,2,11103653021,2016-03-11
6962181067,2016-03-11 23:37:00,2,11103653021,2016-03-11
6962181067,2016-03-11 23:38:00,1,11103653021,2016-03-11
6962181067,2016-03-11 23:39:00,1,11103653021,2016-03-11
6962181067,2016-03-11 23:40:00,1,11103653021,2016-03-11
6962181067,2016-03-11 23:41:00,1,11103653021,2016-03-11
6962181067,2016-03-11 23:42:00,1,11103653021,2016-03-11
6962181067,2016-03-11 23:43:00,1,11103653021,2016-03-11
6962181067,2016-03-11 23:44:00,1,11103653021,2016-03-11
6962181067,2016-03-11 23:45:00,1,11103653021,2016-03-11
6962181067,2016-03-11 23:46:00,1,11103653021,2016-03-11
6962181067,2016-03-11 23:47:00,1,11103653021,2016-03-11
6962181067,2016-03-11 23:48:00,1,11103653021,2016-03-11
6962181067,2016-03-11 23:49:00,1,11103653021,2016-03-11
6962181067,2016-03-11 23:50:00,1,11103653021,2016-03-11
6962181067,2016-03-11 23:51:00,1,11103653021,2016-03-11
6962181067,2016-03-11 23:52:00,1,11103653021,2016-03-11
6962181067,2016-03-11 23:53:00,1,11103653021,2016-03-11
6962181067,2016-03-11 23:54:00,1,11103653021,2016-03-11
6962181067,2016-03-11 23:55:00,1,11103653021,2016-03-11
6962181067,2016-03-11 23:56:00,1,11103653021,2016-03-11
6962181067,2016-03-11 23:57:00,1,11103653021,2016-03-11
6962181067,2016-03-11 23:58:00,1,11103653021,2016-03-11
6962181067,2016-03-11 23:59:00,1,11103653021,2016-03-11
8378563200,2016-03-11 22:08:30,2,11105174673,2016-03-11
8378563200,2016-03-11 22:09:30,2,11105174673,2016-03-11
8378563200,2016-03-11 22:10:30,1,11105174673,2016-03-11
8378563200,2016-03-11 22:11:30,1,11105174673,2016-03-11
8378563200,2016-03-11 22:12:30,1,11105174673,2016-03-11
8378563200,2016-03-11 22:13:30,1,11105174673,2016-03-11
8378563200,2016-03-11 22:14:30,1,11105174673,2016-03-11
8378563200,2016-03-11 22:15:30,1,11105174673,2016-03-11
8378563200,2016-03-11 22:16:30,1,11105174673,2016-03-11
8378563200,2016-03-11 22:17:30,1,11105174673,2016-03-11
8378563200,2016-03-11 22:18:30,1,11105174673,2016-03-11
8378563200,2016-03-11 22:19:30,1,11105174673,2016-03-11
8378563200,2016-03-11 22:20:30,1,11105174673,2016-03-11
8378563200,2016-03-11 22:21:30,1,11105174673,2016-03-11
8378563200,2016-03-11 22:22:30,1,11105174673,2016-03-11
8378563200,2016-03-11 22:23:30,1,11105174673,2016-03-11
8378563200,2016-03-11 22:24:30,1,11105174673,2016-03-11
8378563200,2016-03-11 22:25:30,1,11105174673,2016-03-11
8378563200,2016-03-11 22:26:30,1,11105174673,2016-03-11
8378563200,2016-03-11 22:27:30,1,11105174673,2016-03-11
8378563200,2016-03-11 22:28:30,1,11105174673,2016-03-11
8378563200,2016-03-11 22:29:30,1,11105174673,2016-03-11
8378563200,2016-03-11 22:30:30,1,11105174673,2016-03-11
8378563200,2016-03-11 22:31:30,1,11105174673,2016-03-11
8378563200,2016-03-11 22:32:30,1,11105174673,2016-03-11
8378563200,2016-03-11 22:33:30,1,11105174673,2016-03-11
8378563200,2016-03-11 22:34:30,1,11105174673,2016-03-11
8378563200,2016-03-11 22:35:30,1,11105174673,2016-03-11
8378563200,2016-03-11 22:36:30,1,11105174673,2016-03-11
8378563200,2016-03-11 22:37:30,1,11105174673,2016-03-11
8378563200,2016-03-11 22:38:30,1,11105174673,2016-03-11
8378563200,2016-03-11 22:39:30,1,11105174673,2016-03-11
8378563200,2016-03-11 22:40:30,1,11105174673,2016-03-11
8378563200,2016-03-11 22:41:30,1,11105174673,2016-03-11
8378563200,2016-03-11 22:42:30,1,11105174673,2016-03-11
8378563200,2016-03-11 22:43:30,1,11105174673,2016-03-11
8378563200,2016-03-11 22:44:30,1,11105174673,2016-03-11
8378563200,2016-03-11 22:45:30,1,11105174673,2016-03-11
8378563200,2016-03-11 22:46:30,1,11105174673,2016-03-11
8378563200,2016-03-11 22:47:30,1,11105174673,2016-03-11
8378563200,2016-03-11 22:48:30,1,11105174673,2016-03-11
8378563200,2016-03-11 22:49:30,1,11105174673,2016-03-11
8378563200,2016-03-11 22:50:30,1,11105174673,2016-03-11
8378563200,2016-03-11 22:51:30,1,11105174673,2016-03-11
8378563200,2016-03-11 22:52:30,1,11105174673,2016-03-11
8378563200,2016-03-11 22:53:30,1,11105174673,2016-03-11
8378563200,2016-03-11 22:54:30,1,11105174673,2016-03-11
8378563200,2016-03-11 22:55:30,1,11105174673,2016-03-11
8378563200,2016-03-11 22:56:30,1,11105174673,2016-03-11
8378563200,2016-03-11 22:57:30,1,11105174673,2016-03-11
8378563200,2016-03-11 22:58:30,1,11105174673,2016-03-11
8378563200,2016-03-11 22:59:30,1,11105174673,2016-03-11
8378563200,2016-03-11 23:00:30,1,11105174673,2016-03-11
8378563200,2016-03-11 23:01:30,1,11105174673,2016-03-11
8378563200,2016-03-11 23:02:30,1,11105174673,2016-03-11
8378563200,2016-03-11 23:03:30,1,11105174673,2016-03-11
8378563200,2016-03-11 23:04:30,1,11105174673,2016-03-11
8378563200,2016-03-11 23:05:30,1,11105174673,2016-03-11
8378563200,2016-03-11 23:06:30,1,11105174673,2016-03-11
8378563200,2016-03-11 23:07:30,1,11105174673,2016-03-11
8378563200,2016-03-11 23:08:30,1,11105174673,2016-03-11
8378563200,2016-03-11 23:09:30,1,11105174673,2016-03-11
8378563200,2016-03-11 23:10:30,1,11105174673,2016-03-11
8378563200,2016-03-11 23:11:30,1,11105174673,2016-03-11
8378563200,2016-03-11 23:12:30,1,11105174673,2016-03-11
8378563200,2016-03-11 23:13:30,1,11105174673,2016-03-11
8378563200,2016-03-11 23:14:30,1,11105174673,2016-03-11
8378563200,2016-03-11 23:15:30,1,11105174673,2016-03-11
8378563200,2016-03-11 23:16:30,1,11105174673,2016-03-11
8378563200,2016-03-11 23:17:30,1,11105174673,2016-03-11
8378563200,2016-03-11 23:18:30,1,11105174673,2016-03-11
8378563200,2016-03-11 23:19:30,1,11105174673,2016-03-11
8378563200,2016-03-11 23:20:30,1,11105174673,2016-03-11
8378563200,2016-03-11 23:21:30,1,11105174673,2016-03-11
8378563200,2016-03-11 23:22:30,1,11105174673,2016-03-11
8378563200,2016-03-11 23:23:30,1,11105174673,2016-03-11
8378563200,2016-03-11 23:24:30,1,11105174673,2016-03-11
8378563200,2016-03-11 23:25:30,1,11105174673,2016-03-11
8378563200,2016-03-11 23:26:30,1,11105174673,2016-03-11
8378563200,2016-03-11 23:27:30,1,11105174673,2016-03-11
8378563200,2016-03-11 23:28:30,1,11105174673,2016-03-11
8378563200,2016-03-11 23:29:30,1,11105174673,2016-03-11
8378563200,2016-03-11 23:30:30,1,11105174673,2016-03-11
8378563200,2016-03-11 23:31:30,1,11105174673,2016-03-11
8378563200,2016-03-11 23:32:30,1,11105174673,2016-03-11
8378563200,2016-03-11 23:33:30,1,11105174673,2016-03-11
8378563200,2016-03-11 23:34:30,1,11105174673,2016-03-11
8378563200,2016-03-11 23:35:30,1,11105174673,2016-03-11
8378563200,2016-03-11 23:36:30,1,11105174673,2016-03-11
8378563200,2016-03-11 23:37:30,1,11105174673,2016-03-11
8378563200,2016-03-11 23:38:30,1,11105174673,2016-03-11
8378563200,2016-03-11 23:39:30,1,11105174673,2016-03-11
8378563200,2016-03-11 23:40:30,1,11105174673,2016-03-11
8378563200,2016-03-11 23:41:30,1,11105174673,2016-03-11
8378563200,2016-03-11 23:42:30,1,11105174673,2016-03-11
8378563200,2016-03-11 23:43:30,1,11105174673,2016-03-11
8378563200,2016-03-11 23:44:30,1,11105174673,2016-03-11
8378563200,2016-03-11 23:45:30,1,11105174673,2016-03-11
8378563200,2016-03-11 23:46:30,1,11105174673,2016-03-11
8378563200,2016-03-11 23:47:30,1,11105174673,2016-03-11
8378563200,2016-03-11 23:48:30,1,11105174673,2016-03-11
8378563200,2016-03-11 23:49:30,1,11105174673,2016-03-11
8378563200,2016-03-11 23:50:30,1,11105174673,2016-03-11
8378563200,2016-03-11 23:51:30,1,11105174673,2016-03-11
8378563200,2016-03-11 23:52:30,1,11105174673,2016-03-11
8378563200,2016-03-11 23:53:30,1,11105174673,2016-03-11
8378563200,2016-03-11 23:54:30,1,11105174673,2016-03-11
8378563200,2016-03-11 23:55:30,1,11105174673,2016-03-11
8378563200,2016-03-11 23:56:30,1,11105174673,2016-03-11
8378563200,2016-03-11 23:57:30,1,11105174673,2016-03-11
8378563200,2016-03-11 23:58:30,1,11105174673,2016-03-11
8378563200,2016-03-11 23:59:30,1,11105174673,2016-03-11
